frequency (Hz),total pressure/forwards pressure,acoustic impedance at measurement point (z_total = z_ec + z_me)
1500.0,1.2928224192499482,(103000000-44534080.34445728j)
1503.5035035035035,1.2904146881971914,(103000000-44378574.979299836j)
1507.007007007007,1.2880039970228834,(103000000-44223672.25000249j)
1510.5105105105106,1.285590347378569,(103000000-44069367.96327396j)
1514.014014014014,1.2831737409718704,(103000000-43915657.96463689j)
1517.5175175175175,1.280754179566378,(103000000-43762538.13797989j)
1521.021021021021,1.2783316649815464,(103000000-43610004.40511548j)
1524.5245245245246,1.2759061990925893,(103000000-43458052.72534451j)
1528.028028028028,1.2734777838303728,(103000000-43306679.09502633j)
1531.5315315315315,1.271046421181307,(103000000-43155879.547154866j)
1535.035035035035,1.2686121131872448,(103000000-43005650.150940664j)
1538.5385385385384,1.2661748619453697,(103000000-42855987.01139837j)
1542.042042042042,1.263734669608094,(103000000-42706886.268940195j)
1545.5455455455456,1.2612915383829506,(103000000-42558344.09897457j)
1549.049049049049,1.2588454705324872,(103000000-42410356.7115104j)
1552.5525525525525,1.2563964683741595,(103000000-42262920.35076675j)
1556.0560560560561,1.2539445342802291,(103000000-42116031.29478763j)
1559.5595595595596,1.2514896706776537,(103000000-41969685.855062135j)
1563.063063063063,1.249031880047987,(103000000-41823880.37614953j)
1566.5665665665665,1.2465711649272702,(103000000-41678611.235309556j)
1570.07007007007,1.2441075279059326,(103000000-41533874.842137516j)
1573.5735735735736,1.2416409716286858,(103000000-41389667.63820432j)
1577.077077077077,1.2391714987944213,(103000000-41245986.09670133j)
1580.5805805805805,1.2366991121561126,(103000000-41102826.72208994j)
1584.084084084084,1.2342238145207083,(103000000-40960186.04975564j)
1587.5875875875877,1.2317456087490377,(103000000-40818060.64566702j)
1591.0910910910911,1.2292644977557101,(103000000-40676447.10603882j)
1594.5945945945946,1.2267804845090151,(103000000-40535342.0569999j)
1598.098098098098,1.2242935720308294,(103000000-40394742.154265106j)
1601.6016016016015,1.2218037633965144,(103000000-40254644.08281181j)
1605.1051051051052,1.2193110617348306,(103000000-40115044.556560524j)
1608.6086086086086,1.2168154702278373,(103000000-39975940.31805974j)
1612.112112112112,1.214316992110801,(103000000-39837328.138174765j)
1615.6156156156155,1.2118156306721082,(103000000-39699204.81578081j)
1619.1191191191192,1.2093113892531715,(103000000-39561567.17745978j)
1622.6226226226227,1.2068042712483442,(103000000-39424412.07720141j)
1626.126126126126,1.204294280104834,(103000000-39287736.39610773j)
1629.6296296296296,1.201781419322615,(103000000-39151537.04210186j)
1633.133133133133,1.199265692454347,(103000000-39015810.94964015j)
1636.6366366366367,1.1967471031052928,(103000000-38880555.079428285j)
1640.1401401401401,1.1942256549332373,(103000000-38745766.4181409j)
1643.6436436436436,1.19170135164841,(103000000-38611441.9781448j)
1647.147147147147,1.1891741970134078,(103000000-38477578.79722572j)
1650.6506506506507,1.1866441948431201,(103000000-38344173.93831858j)
1654.1541541541542,1.1841113490046566,(103000000-38211224.489241175j)
1657.6576576576576,1.1815756634172767,(103000000-38078727.562431164j)
1661.161161161161,1.1790371420523182,(103000000-37946680.294686496j)
1664.6646646646645,1.1764957889331333,(103000000-37815079.84690906j)
1668.1681681681682,1.1739516081350223,(103000000-37683923.4038515j)
1671.6716716716717,1.1714046037851709,(103000000-37553208.1738674j)
1675.1751751751751,1.168854780062592,(103000000-37422931.3886644j)
1678.6786786786788,1.166302141198063,(103000000-37293090.30306049j)
1682.1821821821823,1.1637466914740766,(103000000-37163682.19474341j)
1685.6856856856857,1.1611884352247808,(103000000-37034704.36403293j)
1689.1891891891892,1.1586273768359323,(103000000-36906154.133646116j)
1692.6926926926926,1.1560635207448464,(103000000-36778028.848465696j)
1696.1961961961963,1.1534968714403513,(103000000-36650325.87531094j)
1699.6996996996997,1.150927433462746,(103000000-36523042.60271178j)
1703.2032032032032,1.148355211403756,(103000000-36396176.440685324j)
1706.7067067067067,1.1457802099065,(103000000-36269724.82051544j)
1710.2102102102103,1.1432024336654512,(103000000-36143685.19453486j)
1713.7137137137138,1.140621887426406,(103000000-36018055.035910085j)
1717.2172172172172,1.1380385759864562,(103000000-35892831.83842882j)
1720.7207207207207,1.1354525041939592,(103000000-35768013.11628997j)
1724.2242242242241,1.1328636769485156,(103000000-35643596.4038964j)
1727.7277277277278,1.1302720992009496,(103000000-35519579.25565j)
1731.2312312312313,1.127677775953291,(103000000-35395959.24574935j)
1734.7347347347347,1.125080712258761,(103000000-35272733.96798985j)
1738.2382382382382,1.1224809132217581,(103000000-35149901.035566114j)
1741.7417417417419,1.119878383997856,(103000000-35027458.080877006j)
1745.2452452452453,1.1172731297937946,(103000000-34905402.755332775j)
1748.7487487487488,1.1146651558674792,(103000000-34783732.72916466j)
1752.2522522522522,1.112054467527985,(103000000-34662445.69123674j)
1755.7557557557557,1.1094410701355613,(103000000-34541539.34885998j)
1759.2592592592591,1.1068249691016412,(103000000-34421011.42760865j)
1762.7627627627628,1.1042061698888535,(103000000-34300859.671138704j)
1766.2662662662663,1.1015846780110434,(103000000-34181081.84100853j)
1769.7697697697697,1.0989604990332882,(103000000-34061675.71650177j)
1773.2732732732734,1.096333638571924,(103000000-33942639.09445215j)
1776.7767767767768,1.093704102294575,(103000000-33823969.7890705j)
1780.2802802802803,1.0910718959201835,(103000000-33705665.631773695j)
1783.7837837837837,1.0884370252190476,(103000000-33587724.47101581j)
1787.2872872872872,1.0857994960128623,(103000000-33470144.17212104j)
1790.7907907907909,1.0831593141747617,(103000000-33352922.617118683j)
1794.2942942942943,1.08051648562937,(103000000-33236057.704580076j)
1797.7977977977978,1.0778710163528558,(103000000-33119547.349457424j)
1801.3013013013012,1.0752229123729855,(103000000-33003389.482924446j)
1804.804804804805,1.0725721797691905,(103000000-32887582.05221897j)
1808.3083083083084,1.0699188246726306,(103000000-32772123.02048734j)
1811.8118118118118,1.0672628532662662,(103000000-32657010.36663049j)
1815.3153153153153,1.0646042717849353,(103000000-32542242.085152067j)
1818.8188188188187,1.061943086515434,(103000000-32427816.186008055j)
1822.3223223223224,1.0592793037966013,(103000000-32313730.694458254j)
1825.8258258258259,1.0566129300194111,(103000000-32199983.650919486j)
1829.3293293293293,1.0539439716270693,(103000000-32086573.11082042j)
1832.8328328328328,1.0512724351151108,(103000000-31973497.14445809j)
1836.3363363363364,1.0485983270315107,(103000000-31860753.83685606j)
1839.83983983984,1.0459216539767935,(103000000-31748341.28762429j)
1843.3433433433433,1.0432424226041492,(103000000-31636257.610820346j)
1846.8468468468468,1.0405606396195597,(103000000-31524500.934812564j)
1850.3503503503503,1.037876311781922,(103000000-31413069.402144432j)
1853.853853853854,1.035189445903187,(103000000-31301961.169400647j)
1857.3573573573574,1.0325000488484977,(103000000-31191174.40707483j)
1860.8608608608608,1.0298081275363324,(103000000-31080707.29943837j)
1864.3643643643643,1.0271136889386627,(103000000-30970558.044411168j)
1867.867867867868,1.0244167400811046,(103000000-30860724.853433497j)
1871.3713713713714,1.0217172880430878,(103000000-30751205.951339558j)
1874.8748748748749,1.0190153399580255,(103000000-30641999.576232236j)
1878.3783783783783,1.0163109030134891,(103000000-30533103.979359403j)
1881.8818818818818,1.0136039844513964,(103000000-30424517.424991567j)
1885.3853853853855,1.010894591568197,(103000000-30316238.19030083j)
1888.888888888889,1.008182731715076,(103000000-30208264.5652413j)
1892.3923923923924,1.0054684122981528,(103000000-30100594.85243077j)
1895.895895895896,1.0027516407786954,(103000000-29993227.3670336j)
1899.3993993993995,1.0000324246733405,(103000000-29886160.436645158j)
1902.902902902903,0.9973107715543174,(103000000-29779392.401177287j)
1906.4064064064064,0.9945866890496827,(103000000-29672921.612745136j)
1909.9099099099099,0.9918601848435626,(103000000-29566746.435555283j)
1913.4134134134133,0.9891312666764014,(103000000-29460865.24579498j)
1916.916916916917,0.986399942345219,(103000000-29355276.431522712j)
1920.4204204204204,0.9836662197038776,(103000000-29249978.39255991j)
1923.923923923924,0.9809301066633522,(103000000-29144969.540383764j)
1927.4274274274276,0.9781916111920176,(103000000-29040248.298021458j)
1930.930930930931,0.9754507413159345,(103000000-28935813.099945195j)
1934.4344344344345,0.972707505119153,(103000000-28831662.39196872j)
1937.937937937938,0.969961910744018,(103000000-28727794.631144665j)
1941.4414414414414,0.9672139663914892,(103000000-28624208.28566324j)
1944.9449449449448,0.9644636803214669,(103000000-28520901.834751885j)
1948.4484484484485,0.9617110608531279,(103000000-28417873.768576026j)
1951.951951951952,0.9589561163652746,(103000000-28315122.588140935j)
1955.4554554554554,0.956198855296687,(103000000-28212646.805194624j)
1958.958958958959,0.953439286146491,(103000000-28110444.942131735j)
1962.4624624624626,0.9506774174745356,(103000000-28008515.531898603j)
1965.965965965966,0.9479132579017776,(103000000-27906857.11789912j)
1969.4694694694695,0.9451468161106809,(103000000-27805468.253901824j)
1972.972972972973,0.9423781008456233,(103000000-27704347.503947765j)
1976.4764764764764,0.9396071209133181,(103000000-27603493.442259572j)
1979.97997997998,0.9368338851832428,(103000000-27502904.653151296j)
1983.4834834834835,0.9340584025880841,(103000000-27402579.730939336j)
1986.986986986987,0.9312806821241907,(103000000-27302517.279854193j)
1990.4904904904906,0.9285007328520394,(103000000-27202715.913953304j)
1993.993993993994,0.9257185638967151,(103000000-27103174.257034607j)
1997.4974974974975,0.9229341844484025,(103000000-27003890.942551278j)
2001.001001001001,0.9201476037628884,(103000000-26904864.61352697j)
2004.5045045045044,0.9173588311620812,(103000000-26806093.92247244j)
2008.008008008008,0.9145678760345408,(103000000-26707577.53130257j)
2011.5115115115116,0.9117747478360233,(103000000-26609314.11125461j)
2015.015015015015,0.9089794560900404,(103000000-26511302.34280704j)
2018.5185185185185,0.9061820103884297,(103000000-26413540.915599443j)
2022.0220220220222,0.9033824203919457,(103000000-26316028.528353095j)
2025.5255255255256,0.9005806958308606,(103000000-26218763.888792448j)
2029.029029029029,0.8977768465055805,(103000000-26121745.71356736j)
2032.5325325325325,0.8949708822872814,(103000000-26024972.728176236j)
2036.036036036036,0.8921628131185568,(103000000-25928443.666889817j)
2039.5395395395394,0.8893526490140842,(103000000-25832157.27267594j)
2043.043043043043,0.8865404000613055,(103000000-25736112.297124848j)
2046.5465465465466,0.883726076421129,(103000000-25640307.500375487j)
2050.0500500500502,0.8809096883286439,(103000000-25544741.651042387j)
2053.5535535535537,0.8780912460938552,(103000000-25449413.526143413j)
2057.057057057057,0.875270760102438,(103000000-25354321.91102817j)
2060.5605605605606,0.872448240816505,(103000000-25259465.599307194j)
2064.064064064064,0.869623698775402,(103000000-25164843.392781794j)
2067.5675675675675,0.8667971445965134,(103000000-25070454.101374753j)
2071.071071071071,0.8639685889760934,(103000000-24976296.543061525j)
2074.5745745745744,0.8611380426901187,(103000000-24882369.543802336j)
2078.078078078078,0.8583055165951547,(103000000-24788671.937474772j)
2081.5815815815818,0.8554710216292521,(103000000-24695202.565807242j)
2085.085085085085,0.8526345688128604,(103000000-24601960.278313003j)
2088.5885885885887,0.8497961692497615,(103000000-24508943.93222482j)
2092.092092092092,0.8469558341280344,(103000000-24416152.392430373j)
2095.5955955955956,0.8441135747210333,(103000000-24323584.53140822j)
2099.099099099099,0.8412694023883981,(103000000-24231239.229164533j)
2102.6026026026025,0.8384233285770841,(103000000-24139115.373170294j)
2106.1061061061064,0.8355753648224201,(103000000-24047211.858299248j)
2109.60960960961,0.8327255227491899,(103000000-23955527.58676647j)
2113.1131131131133,0.8298738140727423,(103000000-23864061.46806743j)
2116.6166166166167,0.8270202506001252,(103000000-23772812.41891775j)
2120.12012012012,0.8241648442312522,(103000000-23681779.36319363j)
2123.6236236236236,0.821307606960092,(103000000-23590961.231872696j)
2127.127127127127,0.8184485508758916,(103000000-23500356.962975524j)
2130.6306306306305,0.8155876881644255,(103000000-23409965.50150779j)
2134.134134134134,0.8127250311092795,(103000000-23319785.79940287j)
2137.6376376376375,0.8098605920931601,(103000000-23229816.815465137j)
2141.141141141141,0.806994383599244,(103000000-23140057.51531367j)
2144.644644644645,0.8041264182125505,(103000000-23050506.871326644j)
2148.1481481481483,0.801256708621359,(103000000-22961163.862586208j)
2151.6516516516517,0.7983852676186488,(103000000-22872027.47482389j)
2155.155155155155,0.7955121081035862,(103000000-22783096.70036655j)
2158.6586586586586,0.7926372430830374,(103000000-22694370.538082853j)
2162.162162162162,0.7897606856731283,(103000000-22605847.9933303j)
2165.6656656656655,0.7868824491008336,(103000000-22517528.07790269j)
2169.1691691691694,0.7840025467056126,(103000000-22429409.809978187j)
2172.672672672673,0.7811209919410809,(103000000-22341492.214067865j)
2176.1761761761763,0.7782377983767226,(103000000-22253774.320964646j)
2179.67967967968,0.7753529796996499,(103000000-22166255.16769288j)
2183.1831831831832,0.7724665497164016,(103000000-22078933.797458336j)
2186.6866866866867,0.769578522354786,(103000000-21991809.259598654j)
2190.19019019019,0.7666889116657741,(103000000-21904880.60953436j)
2193.6936936936936,0.7637977318254345,(103000000-21818146.908720225j)
2197.197197197197,0.7609049971369207,(103000000-21731607.224597186j)
2200.7007007007005,0.7580107220325037,(103000000-21645260.630544715j)
2204.204204204204,0.7551149210756612,(103000000-21559106.205833577j)
2207.707707707708,0.7522176089632128,(103000000-21473143.035579134j)
2211.2112112112113,0.7493188005275133,(103000000-21387370.21069502j)
2214.714714714715,0.7464185107386996,(103000000-21301786.82784728j)
2218.218218218218,0.7435167547069935,(103000000-21216391.989408925j)
2221.7217217217217,0.740613547685063,(103000000-21131184.803414967j)
2225.225225225225,0.7377089050704452,(103000000-21046164.383517824j)
2228.7287287287286,0.7348028424080266,(103000000-20961329.848943185j)
2232.2322322322325,0.7318953753925915,(103000000-20876680.324446246j)
2235.735735735736,0.7289865198714313,(103000000-20792214.940268435j)
2239.2392392392394,0.7260762918470202,(103000000-20707932.832094423j)
2242.742742742743,0.7231647074797642,(103000000-20623833.141009677j)
2246.2462462462463,0.7202517830908146,(103000000-20539915.013458297j)
2249.7497497497498,0.7173375351649574,(103000000-20456177.601201292j)
2253.253253253253,0.7144219803535757,(103000000-20372620.06127528j)
2256.7567567567567,0.7115051354776906,(103000000-20289241.55595152j)
2260.26026026026,0.7085870175310781,(103000000-20206041.252695303j)
2263.7637637637636,0.705667643683468,(103000000-20123018.324125838j)
2267.267267267267,0.7027470312838283,(103000000-20040171.947976336j)
2270.770770770771,0.6998251978637303,(103000000-19957501.30705466j)
2274.2742742742744,0.6969021611408094,(103000000-19875005.58920417j)
2277.777777777778,0.6939779390223075,(103000000-19792683.987265013j)
2281.2812812812813,0.6910525496087165,(103000000-19710535.699035738j)
2284.7847847847847,0.6881260111975147,(103000000-19628559.92723533j)
2288.288288288288,0.6851983422870005,(103000000-19546755.879465483j)
2291.791791791792,0.6822695615802321,(103000000-19465122.768173315j)
2295.2952952952955,0.6793396879890701,(103000000-19383659.810614392j)
2298.798798798799,0.6764087406383243,(103000000-19302366.228816047j)
2302.3023023023025,0.6734767388700196,(103000000-19221241.249541134j)
2305.805805805806,0.6705437022477679,(103000000-19140284.10425196j)
2309.3093093093094,0.667609650561267,(103000000-19059494.02907476j)
2312.812812812813,0.6646746038309105,(103000000-18978870.26476426j)
2316.3163163163163,0.6617385823125338,(103000000-18898412.056668725j)
2319.8198198198197,0.6588016065022805,(103000000-18818118.654695284j)
2323.323323323323,0.6558636971416058,(103000000-18737989.31327551j)
2326.8268268268266,0.6529248752224177,(103000000-18658023.29133142j)
2330.33033033033,0.6499851619923571,(103000000-18578219.85224165j)
2333.833833833834,0.6470445789602225,(103000000-18498578.263808064j)
2337.3373373373374,0.6441031479015511,(103000000-18419097.798222587j)
2340.840840840841,0.6411608908643449,(103000000-18339777.73203431j)
2344.3443443443443,0.6382178301749668,(103000000-18260617.34611699j)
2347.847847847848,0.6352739884441914,(103000000-18181615.925636772j)
2351.3513513513512,0.6323293885734352,(103000000-18102772.76002016j)
2354.854854854855,0.6293840537611521,(103000000-18024087.14292238j)
2358.3583583583586,0.6264380075094198,(103000000-17945558.37219599j)
2361.861861861862,0.6234912736307036,(103000000-17867185.749859653j)
2365.3653653653655,0.6205438762548161,(103000000-17788968.582067393j)
2368.868868868869,0.6175958398360785,(103000000-17710906.179077916j)
2372.3723723723724,0.6146471891606821,(103000000-17632997.855224393j)
2375.875875875876,0.6116979493542626,(103000000-17555242.92888435j)
2379.3793793793793,0.6087481458896956,(103000000-17477640.72244993j)
2382.8828828828828,0.6057978045951123,(103000000-17400190.562298335j)
2386.386386386386,0.6028469516621539,(103000000-17322891.77876267j)
2389.8898898898897,0.5998956136544603,(103000000-17245743.706102815j)
2393.3933933933936,0.5969438175164141,(103000000-17168745.68247679j)
2396.896896896897,0.5939915905821359,(103000000-17091897.049912214j)
2400.4004004004005,0.5910389605847445,(103000000-17015197.154278092j)
2403.903903903904,0.5880859556658959,(103000000-16938645.345256805j)
2407.4074074074074,0.5851326043855994,(103000000-16862240.976316363j)
2410.910910910911,0.5821789357323305,(103000000-16785983.404682882j)
2414.4144144144143,0.579224979133445,(103000000-16709871.991313381j)
2417.917917917918,0.576270764465903,(103000000-16633906.100868672j)
2421.4214214214217,0.573316322067322,(103000000-16558085.101686638j)
2424.924924924925,0.570361682747357,(103000000-16482408.3657556j)
2428.4284284284286,0.5674068777994304,(103000000-16406875.268688032j)
2431.931931931932,0.5644519390128201,(103000000-16331485.189694451j)
2435.4354354354355,0.561496898685113,(103000000-16256237.511557518j)
2438.938938938939,0.5585417896350464,(103000000-16181131.620606402j)
2442.4424424424424,0.5555866452157384,(103000000-16106166.90669131j)
2445.945945945946,0.5526314993283362,(103000000-16031342.76315833j)
2449.4494494494493,0.5496763864360789,(103000000-15956658.586824367j)
2452.9529529529527,0.5467213415788053,(103000000-15882113.77795239j)
2456.4564564564566,0.5437664003879135,(103000000-15807707.740226857j)
2459.95995995996,0.5408115991017921,(103000000-15733439.880729346j)
2463.4634634634635,0.5378569745817321,(103000000-15659309.60991438j)
2466.966966966967,0.5349025643283514,(103000000-15585316.341585511j)
2470.4704704704704,0.5319484064985333,(103000000-15511459.492871536j)
2473.973973973974,0.5289945399229115,(103000000-15437738.48420299j)
2477.4774774774774,0.5260410041239094,(103000000-15364152.739288764j)
2480.9809809809813,0.5230878393343654,(103000000-15290701.685092978j)
2484.4844844844847,0.520135086516753,(103000000-15217384.751812045j)
2487.987987987988,0.5171827873830283,(103000000-15144201.372851856j)
2491.4914914914916,0.5142309844151208,(103000000-15071150.984805297j)
2494.994994994995,0.5112797208860939,(103000000-14998233.027429782j)
2498.4984984984985,0.5083290408819972,(103000000-14925446.943625143j)
2502.002002002002,0.5053789893244409,(103000000-14852792.179411585j)
2505.5055055055054,0.5024296119939119,(103000000-14780268.183907872j)
2509.009009009009,0.4994809555538667,(103000000-14707874.409309724j)
2512.5125125125123,0.4965330675756213,(103000000-14635610.310868336j)
2516.016016016016,0.49358599656407837,(103000000-14563475.346869105j)
2519.5195195195197,0.49063979198431024,(103000000-14491468.978610534j)
2523.023023023023,0.4876945042890436,(103000000-14419590.670383338j)
2526.5265265265266,0.4847501849470668,(103000000-14347839.889449675j)
2530.03003003003,0.4818068864726041,(103000000-14276216.10602256j)
2533.5335335335335,0.4788646624556866,(103000000-14204718.7932455j)
2537.037037037037,0.47592356759356524,(103000000-14133347.427172197j)
2540.540540540541,0.47298365772319517,(103000000-14062101.48674656j)
2544.0440440440443,0.47004498985484305,(103000000-13990980.45378276j)
2547.5475475475478,0.4671076222068522,(103000000-13919983.812945496j)
2551.051051051051,0.46417161424161263,(103000000-13849111.05173041j)
2554.5545545545547,0.4612370267027853,(103000000-13778361.6604447j)
2558.058058058058,0.4583039216538214,(103000000-13707735.13218785j)
2561.5615615615616,0.45537236251783547,(103000000-13637230.962832566j)
2565.065065065065,0.4524424141188784,(103000000-13566848.651005764j)
2568.5685685685685,0.4495141427246644,(103000000-13496587.698069876j)
2572.072072072072,0.44658761609081493,(103000000-13426447.608104127j)
2575.5755755755754,0.44366290350666915,(103000000-13356427.887886168j)
2579.079079079079,0.44074007584273145,(103000000-13286528.046873638j)
2582.5825825825823,0.43781920559981,(103000000-13216747.59718605j)
2586.086086086086,0.4349003669599235,(103000000-13147086.05358674j)
2589.5895895895897,0.4319836358390348,(103000000-13077542.933465008j)
2593.093093093093,0.429069089941689,(103000000-13008117.75681832j)
2596.5965965965966,0.4261568088176315,(103000000-12938810.046234783j)
2600.1001001001005,0.423246873920478,(103000000-12869619.326875625j)
2603.603603603604,0.42033936866852606,(103000000-12800545.126457954j)
2607.1071071071074,0.41743437850778115,(103000000-12731586.975237517j)
2610.610610610611,0.41453199097729415,(103000000-12662744.405991703j)
2614.1141141141143,0.41163229577689736,(103000000-12594016.954002623j)
2617.6176176176177,0.4087353848374357,(103000000-12525404.157040399j)
2621.121121121121,0.40584135239358254,(103000000-12456905.555346452j)
2624.6246246246246,0.4029502950593567,(103000000-12388520.69161709j)
2628.128128128128,0.40006231190643476,(103000000-12320249.11098709j)
2631.6316316316315,0.3971775045453747,(103000000-12252090.361013483j)
2635.135135135135,0.39429597720986176,(103000000-12184043.991659477j)
2638.6386386386384,0.39141783684409615,(103000000-12116109.555278441j)
2642.142142142142,0.38854319319344977,(103000000-12048286.606598089j)
2645.6456456456453,0.3856721588985104,(103000000-11980574.702704715j)
2649.1491491491493,0.3828048495926557,(103000000-11912973.403027676j)
2652.6526526526527,0.3799413840032877,(103000000-11845482.26932386j)
2656.156156156156,0.3770818840568676,(103000000-11778100.865662321j)
2659.6596596596596,0.37422647498790684,(103000000-11710828.758409105j)
2663.1631631631635,0.3713752854520562,(103000000-11643665.516212082j)
2666.666666666667,0.368528447643458,(103000000-11576610.709986037j)
2670.1701701701704,0.3656860974165113,(103000000-11509663.912897697j)
2673.673673673674,0.362848374412237,(103000000-11442824.700351065j)
2677.1771771771773,0.36001542218939003,(103000000-11376092.649972731j)
2680.680680680681,0.3571873883605189,(103000000-11309467.341597348j)
2684.1841841841842,0.35436442473313884,(103000000-11242948.357253246j)
2687.6876876876877,0.35154668745621726,(103000000-11176535.28114814j)
2691.191191191191,0.34873433717215024,(103000000-11110227.6996549j)
2694.6946946946946,0.34592753917444213,(103000000-11044025.20129751j)
2698.198198198198,0.3431264635712777,(103000000-10977927.376737103j)
2701.7017017017015,0.34033128545520014,(103000000-10911933.8187581j)
2705.205205205205,0.3375421850790945,(103000000-10846044.122254439j)
2708.7087087087084,0.3347593480387008,(103000000-10780257.88421597j)
2712.2122122122123,0.33198296546186346,(103000000-10714574.703714868j)
2715.7157157157158,0.3292132342047394,(103000000-10648994.181892287j)
2719.219219219219,0.32645035705517894,(103000000-10583515.921944913j)
2722.7227227227227,0.3236945429435099,(103000000-10518139.529111847j)
2726.2262262262266,0.3209460071609294,(103000000-10452864.6106614j)
2729.72972972973,0.3182049715857409,(103000000-10387690.775878156j)
2733.2332332332335,0.3154716649176332,(103000000-10322617.636049954j)
2736.736736736737,0.3127463229202299,(103000000-10257644.804455133j)
2740.2402402402404,0.31002918867210894,(103000000-10192771.896349786j)
2743.743743743744,0.3073205128264892,(103000000-10127998.528955134j)
2747.2472472472473,0.3046205538797808,(103000000-10063324.321444986j)
2750.7507507507507,0.3019295784491721,(103000000-9998748.894933332j)
2754.254254254254,0.2992478615594191,(103000000-9934271.872461956j)
2757.7577577577576,0.29657568693898745,(103000000-9869892.878988251j)
2761.261261261261,0.2939133473256606,(103000000-9805611.541373014j)
2764.7647647647645,0.29126114478173126,(103000000-9741427.488368407j)
2768.268268268268,0.28861939101883655,(103000000-9677340.350606002j)
2771.771771771772,0.2859884077324832,(103000000-9613349.76058487j)
2775.2752752752754,0.283368526946258,(103000000-9549455.352659842j)
2778.778778778779,0.28076009136568614,(103000000-9485656.763029752j)
2782.2822822822823,0.27816345474164106,(103000000-9421953.629725864j)
2785.7857857857857,0.2755789822431577,(103000000-9358345.592600333j)
2789.2892892892896,0.2730070508394358,(103000000-9294832.293314796j)
2792.792792792793,0.27044804969073993,(103000000-9231413.375329012j)
2796.2962962962965,0.26790238054783544,(103000000-9168088.483889556j)
2799.7997997998,0.2653704581594956,(103000000-9104857.266018683j)
2803.3033033033034,0.2628527106875187,(103000000-9041719.370503237j)
2806.806806806807,0.2603495801285758,(103000000-8978674.4478836j)
2810.3103103103103,0.2578615227420932,(103000000-8915722.150442826j)
2813.813813813814,0.25538900948321924,(103000000-8852862.13219569j)
2817.3173173173172,0.2529325264397857,(103000000-8790094.048878035j)
2820.8208208208207,0.25049257527199514,(103000000-8727417.557935992j)
2824.324324324324,0.24806967365338695,(103000000-8664832.318515435j)
2827.8278278278276,0.24566435571141879,(103000000-8602337.991451416j)
2831.331331331331,0.2432771724658017,(103000000-8539934.239257723j)
2834.834834834835,0.24090869226246225,(103000000-8477620.726116499j)
2838.3383383383384,0.23855950120076722,(103000000-8415397.11786799j)
2841.841841841842,0.23623020355134378,(103000000-8353263.082000243j)
2845.3453453453453,0.23392142216155756,(103000000-8291218.287639042j)
2848.848848848849,0.231633798845359,(103000000-8229262.405537786j)
2852.3523523523527,0.22936799475388817,(103000000-8167395.108067501j)
2855.855855855856,0.22712469072286223,(103000000-8105616.069206957j)
2859.3593593593596,0.22490458759238224,(103000000-8043924.964532752j)
2862.862862862863,0.22270840649440898,(103000000-7982321.471209597j)
2866.3663663663665,0.22053688910273672,(103000000-7920805.267980566j)
2869.86986986987,0.21839079783987414,(103000000-7859376.035157492j)
2873.3733733733734,0.21627091603480333,(103000000-7798033.454611385j)
2876.876876876877,0.21417804802514737,(103000000-7736777.209762933j)
2880.3803803803803,0.21211301919684955,(103000000-7675606.985573126j)
2883.8838838838838,0.21007667595402094,(103000000-7614522.468533816j)
2887.387387387387,0.20806988561121226,(103000000-7553523.346658504j)
2890.8908908908907,0.20609353619997,(103000000-7492609.309473069j)
2894.394394394394,0.20414853618118173,(103000000-7431780.048006672j)
2897.897897897898,0.2022358140544026,(103000000-7371035.254782591j)
2901.4014014014015,0.20035631785512154,(103000000-7310374.62380928j)
2904.904904904905,0.1985110145307306,(103000000-7249797.850571359j)
2908.4084084084084,0.19670088918590248,(103000000-7189304.6320207175j)
2911.9119119119123,0.19492694418808304,(103000000-7128894.66656775j)
2915.4154154154157,0.19319019812398203,(103000000-7068567.654072538j)
2918.918918918919,0.19149168459822044,(103000000-7008323.295836154j)
2922.4224224224226,0.1898324508657772,(103000000-6948161.294592034j)
2925.925925925926,0.18821355629050954,(103000000-6888081.354497407j)
2929.4294294294295,0.1866360706228758,(103000000-6828083.181124777j)
2932.932932932933,0.18510107209106316,(103000000-6768166.481453478j)
2936.4364364364365,0.18360964530101723,(103000000-6708330.963861255j)
2939.93993993994,0.18216287894242764,(103000000-6648576.3381159585j)
2943.4434434434434,0.180761863299522,(103000000-6588902.315367242j)
2946.946946946947,0.17940768756757622,(103000000-6529308.608138414j)
2950.4504504504503,0.1781014369783605,(103000000-6469794.93031819j)
2953.9539539539537,0.17684418974029048,(103000000-6410360.997152662j)
2957.457457457457,0.175637013801816,(103000000-6351006.525237238j)
2960.960960960961,0.1744809634495452,(103000000-6291731.232508648j)
2964.4644644644645,0.1733770757557119,(103000000-6232534.8382370435j)
2967.967967967968,0.17232636689281502,(103000000-6173417.063018121j)
2971.4714714714714,0.1713298283365177,(103000000-6114377.628765279j)
2974.9749749749753,0.1703884229811488,(103000000-6055416.25870187j)
2978.478478478479,0.1695030811952814,(103000000-5996532.6773535535j)
2981.9819819819822,0.16867469684784406,(103000000-5937726.610540539j)
2985.4854854854857,0.16790412333791127,(103000000-5878997.785370108j)
2988.988988988989,0.16719216966366574,(103000000-5820345.93022896j)
2992.4924924924926,0.16653959656792297,(103000000-5761770.774775811j)
2995.995995995996,0.1659471127989689,(103000000-5703272.0499338955j)
2999.4994994994995,0.16541537152622415,(103000000-5644849.487883627j)
3003.003003003003,0.1649449669503259,(103000000-5586502.8220552355j)
3006.5065065065064,0.16453643114658575,(103000000-5528231.7871214915j)
3010.01001001001,0.16419023117937737,(103000000-5470036.118990475j)
3013.5135135135133,0.1639067665228538,(103000000-5411915.554798393j)
3017.0170170170168,0.16368636682047644,(103000000-5353869.832902471j)
3020.52052052052,0.16352929001220284,(103000000-5295898.692873837j)
3024.024024024024,0.16343572085389915,(103000000-5238001.875490505j)
3027.5275275275276,0.16340576984867938,(103000000-5180179.122730408j)
3031.031031031031,0.16343947260454483,(103000000-5122430.1777644195j)
3034.5345345345345,0.16353678962702903,(103000000-5064754.78494953j)
3038.0380380380384,0.16369760654966184,(103000000-5007152.689821942j)
3041.541541541542,0.1639217347991177,(103000000-4949623.639090331j)
3045.0450450450453,0.16420891268603433,(103000000-4892167.380629068j)
3048.5485485485488,0.1645588069068279,(103000000-4834783.663471531j)
3052.052052052052,0.16497101443652923,(103000000-4777472.237803448j)
3055.5555555555557,0.16544506478783177,(103000000-4720232.854956318j)
3059.059059059059,0.1659804226072897,(103000000-4663065.267400816j)
3062.5625625625626,0.1665764905760068,(103000000-4605969.228740282j)
3066.066066066066,0.16723261257928923,(103000000-4548944.493704252j)
3069.5695695695695,0.16794807710760454,(103000000-4491990.818142075j)
3073.073073073073,0.16872212084984622,(103000000-4435107.959016439j)
3076.5765765765764,0.16955393243929243,(103000000-4378295.6743971165j)
3080.08008008008,0.1704426563127785,(103000000-4321553.723454619j)
3083.5835835835837,0.17138739664438546,(103000000-4264881.866453972j)
3087.087087087087,0.17238722131635073,(103000000-4208279.864748485j)
3090.5905905905906,0.17344116589182382,(103000000-4151747.480773594j)
3094.094094094094,0.17454823755645674,(103000000-4095284.4780407324j)
3097.5975975975975,0.17570741899853368,(103000000-4038890.62113123j)
3101.1011011011014,0.17691767220032695,(103000000-3982565.675690295j)
3104.604604604605,0.1781779421165132,(103000000-3926309.408421004j)
3108.1081081081084,0.1794871602187405,(103000000-3870121.5870783385j)
3111.611611611612,0.18084424788869105,(103000000-3814001.980463246j)
3115.1151151151153,0.18224811964520257,(103000000-3757950.3584167827j)
3118.6186186186187,0.1836976861941178,(103000000-3701966.4918142594j)
3122.122122122122,0.18519185729247983,(103000000-3646050.1525594406j)
3125.6256256256256,0.18672954442144943,(103000000-3590201.1135787815j)
3129.129129129129,0.1883096632648567,(103000000-3534419.148815695j)
3132.6326326326325,0.18993113599259218,(103000000-3478704.0332248732j)
3136.136136136136,0.19159289335008914,(103000000-3423055.542766638j)
3139.6396396396394,0.19329387655693359,(103000000-3367473.4544013403j)
3143.143143143143,0.1950330390191801,(103000000-3311957.546083756j)
3146.646646646647,0.19680934786123172,(103000000-3256507.5967575703j)
3150.1501501501502,0.19862178528420638,(103000000-3201123.3863499034j)
3153.6536536536537,0.20046934975855532,(103000000-3145804.6957657933j)
3157.157157157157,0.2023510570593169,(103000000-3090551.306882821j)
3160.6606606606606,0.20426594115286587,(103000000-3035363.002545666j)
3164.1641641641645,0.20621305494429235,(103000000-2980239.5665608104j)
3167.667667667668,0.20819147089469445,(103000000-2925180.7836911995j)
3171.1711711711714,0.21020028151768974,(103000000-2870186.439650925j)
3174.674674674675,0.2122385997643628,(103000000-2815256.321100028j)
3178.1781781781783,0.21430555930568648,(103000000-2760390.215639254j)
3181.6816816816818,0.2164003147212035,(103000000-2705587.911804868j)
3185.185185185185,0.21852204160244365,(103000000-2650849.199063545j)
3188.6886886886887,0.22066993657920056,(103000000-2596173.867807215j)
3192.192192192192,0.22284321727638465,(103000000-2541561.7093480267j)
3195.6956956956956,0.22504112220877356,(103000000-2487012.5159132592j)
3199.199199199199,0.22726291062053383,(103000000-2432526.080640357j)
3202.7027027027025,0.22950786227595896,(103000000-2378102.1975719146j)
3206.206206206206,0.23177527720742291,(103000000-2323740.6616507545j)
3209.70970970971,0.23406447542612974,(103000000-2269441.2687150035j)
3213.2132132132133,0.23637479660078814,(103000000-2215203.8154932167j)
3216.7167167167167,0.23870559970895994,(103000000-2161028.099599527j)
3220.22022022022,0.24105626266540672,(103000000-2106913.9195288178j)
3223.723723723724,0.24342618193139978,(103000000-2052861.0746519342j)
3227.2272272272276,0.2458147721085846,(103000000-1998869.3652109802j)
3230.730730730731,0.24822146552066113,(103000000-1944938.5923145283j)
3234.2342342342345,0.2506457117858185,(103000000-1891068.5579329375j)
3237.737737737738,0.2530869773825547,(103000000-1837259.0648937318j)
3241.2412412412414,0.25554474521125065,(103000000-1783509.9168769326j)
3244.744744744745,0.25801851415359095,(103000000-1729820.9184104558j)
3248.2482482482483,0.26050779863170487,(103000000-1676191.874865571j)
3251.7517517517517,0.2630121281686585,(103000000-1622622.5924523082j)
3255.255255255255,0.2655310469517438,(103000000-1569112.8782149795j)
3258.7587587587586,0.2680641133998244,(103000000-1515662.540027706j)
3262.262262262262,0.27061089973581887,(103000000-1462271.386589922j)
3265.7657657657655,0.27317099156525765,(103000000-1408939.2274219617j)
3269.269269269269,0.27574398746171314,(103000000-1355665.8728607j)
3272.772772772773,0.278329498559767,(103000000-1302451.1340551097j)
3276.2762762762763,0.2809271481560748,(103000000-1249294.822961988j)
3279.77977977978,0.28353657131898113,(103000000-1196196.7523416113j)
3283.2832832832833,0.2861574145070558,(103000000-1143156.7357534338j)
3286.786786786787,0.28878933519682365,(103000000-1090174.5875518434j)
3290.2902902902906,0.29143200151990395,(103000000-1037250.1228819527j)
3293.793793793794,0.29408509190971416,(103000000-984383.1576753482j)
3297.2972972972975,0.2967482947578091,(103000000-931573.5086459555j)
3300.800800800801,0.29942130807991846,(103000000-878820.9932858497j)
3304.3043043043044,0.30210383919165956,(103000000-826125.4298611563j)
3307.807807807808,0.30479560439389786,(103000000-773486.6374079343j)
3311.3113113113113,0.30749632866767435,(103000000-720904.4357281234j)
3314.814814814815,0.31020574537859685,(103000000-668378.6453854796j)
3318.3183183183182,0.31292359599057656,(103000000-615909.0877015609j)
3321.8218218218217,0.3156496297887512,(103000000-563495.5847517308j)
3325.325325325325,0.31838360361143647,(103000000-511137.95936116576j)
3328.8288288288286,0.3211252815909276,(103000000-458836.03510096297j)
3332.332332332332,0.32387443490296075,(103000000-406589.63628416695j)
3335.835835835836,0.3266308415246265,(103000000-354398.58796188235j)
3339.3393393393394,0.329394286000541,(103000000-302262.7159194406j)
3342.842842842843,0.33216455921705285,(103000000-250181.8466724921j)
3346.3463463463463,0.33494145818426946,(103000000-198155.8074632343j)
3349.84984984985,0.33772478582569365,(103000000-146184.42625658587j)
3353.3533533533537,0.3405143507752343,(103000000-94267.53173642233j)
3356.856856856857,0.3433099671813895,(103000000-42404.95330181718j)
3360.3603603603606,0.34611145451836683,(103000000+9403.478936688974j)
3363.863863863864,0.3489186374039338,(103000000+61157.93416078761j)
3367.3673673673675,0.3517313454237754,(103000000+112858.580848068j)
3370.870870870871,0.3545494129621569,(103000000+164505.58677570522j)
3374.3743743743744,0.357372679038671,(103000000+216099.11902409606j)
3377.877877877878,0.36020098715087173,(103000000+267639.34398044273j)
3381.3813813813813,0.3630341851225902,(103000000+319126.4273423571j)
3384.8848848848847,0.3658721249577432,(103000000+370560.53412145935j)
3388.388388388388,0.3687146626994318,(103000000+421941.82864687406j)
3391.8918918918916,0.3715616582941511,(103000000+473270.4745687898j)
3395.3953953953956,0.37441297546092567,(103000000+524546.6348619647j)
3398.898898898899,0.3772684815651967,(103000000+575770.4718291722j)
3402.4024024024025,0.3801280474972839,(103000000+626942.1471046843j)
3405.905905905906,0.3829915475552632,(103000000+678061.8216577321j)
3409.4094094094094,0.38585885933208974,(103000000+729129.6557958778j)
3412.9129129129133,0.38872986360681633,(103000000+780145.8091684598j)
3416.4164164164167,0.3916044442397508,(103000000+831110.4407698996j)
3419.91991991992,0.3944824880714143,(103000000+882023.7089431267j)
3423.4234234234236,0.39736388482514823,(103000000+932885.7713828795j)
3426.926926926927,0.4002485270132393,(103000000+983696.7851390243j)
3430.4304304304305,0.4031363098464322,(103000000+1034456.90661983j)
3433.933933933934,0.40602713114669764,(103000000+1085166.2915952895j)
3437.4374374374374,0.4089208912631343,(103000000+1135825.0952002946j)
3440.940940940941,0.4118174929908941,(103000000+1186433.4719379582j)
3444.4444444444443,0.41471684149300236,(103000000+1236991.5756827574j)
3447.947947947948,0.41761884422497725,(103000000+1287499.5596837737j)
3451.4514514514512,0.4205234108621297,(103000000+1337957.576567825j)
3454.9549549549547,0.42343045322945816,(103000000+1388365.7783426642j)
3458.4584584584586,0.42633988523402333,(103000000+1438724.3164000828j)
3461.961961961962,0.42925162279971674,(103000000+1489033.3415190298j)
3465.4654654654655,0.4321655838043377,(103000000+1539293.0038687512j)
3468.968968968969,0.43508168801887825,(103000000+1589503.4530117959j)
3472.4724724724724,0.4379998570489443,(103000000+1639664.8379071392j)
3475.9759759759763,0.4409200142782273,(103000000+1689777.3069132045j)
3479.47947947948,0.4438420848139463,(103000000+1739841.0077908672j)
3482.9829829829832,0.44676599543419154,(103000000+1789856.0877064876j)
3486.4864864864867,0.44969167453709596,(103000000+1839822.6932349019j)
3489.98998998999,0.45261905209176073,(103000000+1889740.9703623392j)
3493.4934934934936,0.455548059590879,(103000000+1939611.0644894466j)
3496.996996996997,0.4584786300049825,(103000000+1989433.1204341687j)
3500.5005005005005,0.461410697738261,(103000000+2039207.2824346907j)
3504.004004004004,0.4643441985858855,(103000000+2088933.694152316j)
3507.5075075075074,0.4672790696927883,(103000000+2138612.498674363j)
3511.011011011011,0.47021524951384036,(103000000+2188243.8385170363j)
3514.5145145145143,0.473152677775373,(103000000+2237827.855628241j)
3518.0180180180178,0.4760912954379994,(103000000+2287364.6913904566j)
3521.5215215215217,0.47903104466067925,(103000000+2336854.486623505j)
3525.025025025025,0.4819718687659922,(103000000+2386297.381587375j)
3528.5285285285286,0.4849137122065659,(103000000+2435693.515984997j)
3532.032032032032,0.4878565205326167,(103000000+2485043.0289650075j)
3535.5355355355355,0.49080024036057085,(103000000+2534346.0591244847j)
3539.0390390390394,0.4937448193427152,(103000000+2583602.74451169j)
3542.542542542543,0.4966902061378468,(103000000+2632813.2226287574j)
3546.0460460460463,0.4996363503828874,(103000000+2681977.6304344367j)
3549.5495495495497,0.5025832026654182,(103000000+2731096.1043467447j)
3553.053053053053,0.5055307144971115,(103000000+2780168.780245634j)
3556.5565565565566,0.5084788382880177,(103000000+2829195.793475624j)
3560.06006006006,0.5114275273216902,(103000000+2878177.278848484j)
3563.5635635635635,0.514376735731102,(103000000+2927113.370645823j)
3567.067067067067,0.5173264184753362,(103000000+2976004.202621676j)
3570.5705705705705,0.5202765313170216,(103000000+3024849.9080051314j)
3574.074074074074,0.5232270308004827,(103000000+3073650.619502865j)
3577.577577577578,0.5261778742305834,(103000000+3122406.469301736j)
3581.0810810810813,0.5291290196522371,(103000000+3171117.5890712887j)
3584.5845845845847,0.5320804258305625,(103000000+3219784.1099663246j)
3588.088088088088,0.5350320522316564,(103000000+3268406.162629381j)
3591.5915915915916,0.5379838590039681,(103000000+3316983.8771932423j)
3595.095095095095,0.5409358069602563,(103000000+3365517.3832834214j)
3598.5985985985985,0.5438878575600978,(103000000+3414006.8100206368j)
3602.102102102102,0.5468399728929377,(103000000+3462452.2860232666j)
3605.6056056056054,0.5497921156616637,(103000000+3510853.93940977j)
3609.1091091091093,0.5527442491666759,(103000000+3559211.8978011385j)
3612.612612612613,0.5556963372904474,(103000000+3607526.288323272j)
3616.1161161161162,0.5586483444825535,(103000000+3655797.2376094535j)
3619.6196196196197,0.5616002357451498,(103000000+3704024.8718026318j)
3623.123123123123,0.5645519766188913,(103000000+3752209.3165578768j)
3626.6266266266266,0.5675035331692694,(103000000+3800350.6970446818j)
3630.13013013013,0.5704548719733653,(103000000+3848449.137949329j)
3633.6336336336335,0.5734059601069895,(103000000+3896504.763477225j)
3637.1371371371374,0.5763567651322067,(103000000+3944517.697355218j)
3640.640640640641,0.5793072550852292,(103000000+3992488.0628338642j)
3644.1441441441443,0.582257398464665,(103000000+4040415.982689753j)
3647.647647647648,0.5852071642201138,(103000000+4088301.5792277902j)
3651.151151151151,0.5881565217410918,(103000000+4136144.9742834307j)
3654.6546546546547,0.5911054408462815,(103000000+4183946.2892249487j)
3658.158158158158,0.5940538917730934,(103000000+4231705.644955676j)
3661.6616616616616,0.5970018451675245,(103000000+4279423.1619162j)
3665.165165165165,0.5999492720743164,(103000000+4327098.960086612j)
3668.668668668669,0.6028961439273895,(103000000+4374733.158988696j)
3672.1721721721724,0.605842432540549,(103000000+4422325.877688071j)
3675.675675675676,0.6087881100984635,(103000000+4469877.23479645j)
3679.1791791791793,0.6117331491478873,(103000000+4517387.348473724j)
3682.6826826826828,0.6146775225891423,(103000000+4564856.33643014j)
3686.186186186186,0.6176212036678306,(103000000+4612284.315928452j)
3689.6896896896897,0.6205641659667835,(103000000+4659671.403786033j)
3693.193193193193,0.6235063833982344,(103000000+4707017.716376977j)
3696.6966966966966,0.6264478301962061,(103000000+4754323.369634198j)
3700.2002002002005,0.6293884809091174,(103000000+4801588.479051564j)
3703.703703703704,0.6323283103925812,(103000000+4848813.159685899j)
3707.2072072072074,0.6352672938024141,(103000000+4895997.526159108j)
3710.710710710711,0.6382054065878269,(103000000+4943141.692660222j)
3714.2142142142143,0.6411426244848033,(103000000+4990245.772947403j)
3717.7177177177177,0.6440789235096648,(103000000+5037309.88035002j)
3721.221221221221,0.6470142799528015,(103000000+5084334.1277706325j)
3724.7247247247246,0.6499486703725772,(103000000+5131318.627687026j)
3728.228228228228,0.6528820715893947,(103000000+5178263.492154183j)
3731.731731731732,0.6558144606799254,(103000000+5225168.832806289j)
3735.2352352352355,0.6587458149714873,(103000000+5272034.760858668j)
3738.738738738739,0.661676112036575,(103000000+5318861.387109807j)
3742.2422422422424,0.6646053296875356,(103000000+5365648.821943261j)
3745.745745745746,0.6675334459713842,(103000000+5412397.175329603j)
3749.2492492492493,0.6704604391647513,(103000000+5459106.556828346j)
3752.7527527527527,0.6733862877689737,(103000000+5505777.075589895j)
3756.256256256256,0.6763109705053015,(103000000+5552408.840357408j)
3759.7597597597596,0.679234466310238,(103000000+5599001.959468741j)
3763.2632632632635,0.6821567543309939,(103000000+5645556.540858291j)
3766.766766766767,0.685077813921066,(103000000+5692072.692058887j)
3770.2702702702704,0.6879976246359258,(103000000+5738550.520203689j)
3773.773773773774,0.6909161662288162,(103000000+5784990.132027987j)
3777.2772772772773,0.6938334186466625,(103000000+5831391.633871093j)
3780.780780780781,0.6967493620260808,(103000000+5877755.131678149j)
3784.2842842842842,0.6996639766894902,(103000000+5924080.731001951j)
3787.7877877877877,0.7025772431413256,(103000000+5970368.5370047875j)
3791.291291291291,0.7054891420643433,(103000000+6016618.65446022j)
3794.794794794795,0.7083996543160201,(103000000+6062831.187754897j)
3798.2982982982985,0.71130876092504,(103000000+6109006.240890307j)
3801.801801801802,0.7142164430878744,(103000000+6155143.91748458j)
3805.3053053053054,0.7171226821654438,(103000000+6201244.320774257j)
3808.808808808809,0.7200274596798594,(103000000+6247307.553616021j)
3812.3123123123123,0.722930757311251,(103000000+6293333.718488466j)
3815.8158158158158,0.7258325568946685,(103000000+6339322.917493813j)
3819.319319319319,0.7287328404170611,(103000000+6385275.252359649j)
3822.8228228228227,0.7316315900143312,(103000000+6431190.824440634j)
3826.3263263263266,0.7345287879684587,(103000000+6477069.73472023j)
3829.82982982983,0.7374244167046922,(103000000+6522912.083812363j)
3833.3333333333335,0.740318458788818,(103000000+6568717.971963141j)
3836.836836836837,0.7432108969244813,(103000000+6614487.499052525j)
3840.3403403403404,0.746101713950585,(103000000+6660220.764595989j)
3843.843843843844,0.7489908928387394,(103000000+6705917.867746215j)
3847.3473473473473,0.7518784166907825,(103000000+6751578.907294691j)
3850.8508508508507,0.7547642687363519,(103000000+6797203.981673392j)
3854.354354354354,0.7576484323305179,(103000000+6842793.18895641j)
3857.857857857858,0.7605308909514743,(103000000+6888346.62686158j)
3861.3613613613616,0.7634116281982778,(103000000+6933864.39275207j)
3864.864864864865,0.7662906277886463,(103000000+6979346.583638029j)
3868.3683683683685,0.7691678735568073,(103000000+7024793.296178158j)
3871.871871871872,0.7720433494513924,(103000000+7070204.626681302j)
3875.3753753753754,0.7749170395333884,(103000000+7115580.671108041j)
3878.878878878879,0.7777889279741285,(103000000+7160921.525072265j)
3882.3823823823823,0.7806589990533348,(103000000+7206227.283842728j)
3885.8858858858857,0.7835272371572041,(103000000+7251498.0423445925j)
3889.3893893893896,0.7863936267765371,(103000000+7296733.895161025j)
3892.892892892893,0.7892581525049125,(103000000+7341934.9365346655j)
3896.3963963963965,0.7921207990369014,(103000000+7387101.260369226j)
3899.8998998999,0.7949815511663225,(103000000+7432232.960230965j)
3903.4034034034034,0.7978403937845362,(103000000+7477330.129350226j)
3906.906906906907,0.8006973118787786,(103000000+7522392.860622928j)
3910.4104104104103,0.803552290530534,(103000000+7567421.246612083j)
3913.913913913914,0.8064053149139411,(103000000+7612415.379549269j)
3917.4174174174173,0.8092563702942381,(103000000+7657375.351336127j)
3920.920920920921,0.8121054420262372,(103000000+7702301.253545821j)
3924.4244244244246,0.8149525155528435,(103000000+7747193.177424487j)
3927.927927927928,0.8177975764035933,(103000000+7792051.213892754j)
3931.4314314314315,0.820640610193237,(103000000+7836875.453547135j)
3934.934934934935,0.8234816026203473,(103000000+7881665.98666149j)
3938.4384384384384,0.8263205394659547,(103000000+7926422.903188456j)
3941.941941941942,0.8291574065922233,(103000000+7971146.2927608825j)
3945.4454454454453,0.8319921899411462,(103000000+8015836.244693261j)
3948.9489489489492,0.8348248755332739,(103000000+8060492.847983107j)
3952.4524524524527,0.8376554494664671,(103000000+8105116.191312378j)
3955.955955955956,0.8404838979146821,(103000000+8149706.363048902j)
3959.4594594594596,0.8433102071267787,(103000000+8194263.451247709j)
3962.962962962963,0.8461343634253513,(103000000+8238787.543652456j)
3966.4664664664665,0.848956353205592,(103000000+8283278.7276968025j)
3969.96996996997,0.8517761629341738,(103000000+8327737.09050576j)
3973.4734734734734,0.8545937791481574,(103000000+8372162.718897043j)
3976.976976976977,0.8574091884539213,(103000000+8416555.699382454j)
3980.4804804804808,0.8602223775261197,(103000000+8460916.11816923j)
3983.983983983984,0.8630333331066563,(103000000+8505244.061161332j)
3987.4874874874877,0.8658420420036803,(103000000+8549539.613960836j)
3990.990990990991,0.8686484910906106,(103000000+8593802.86186923j)
3994.4944944944946,0.8714526673051719,(103000000+8638033.889888728j)
3997.997997997998,0.8742545576484548,(103000000+8682232.782723598j)
4001.5015015015015,0.8770541491839983,(103000000+8726399.624781454j)
4005.005005005005,0.8798514290368868,(103000000+8770534.500174562j)
4008.5085085085084,0.8826463843928696,(103000000+8814637.492721112j)
4012.0120120120123,0.8854390024974937,(103000000+8858708.685946543j)
4015.5155155155157,0.8882292706552629,(103000000+8902748.163084745j)
4019.019019019019,0.891017176228808,(103000000+8946756.00707943j)
4022.5225225225226,0.8938027066380726,(103000000+8990732.300585326j)
4026.026026026026,0.8965858493595231,(103000000+9034677.125969432j)
4029.5295295295296,0.89936659192537,(103000000+9078590.565312307j)
4033.033033033033,0.9021449219228022,(103000000+9122472.700409304j)
4036.5365365365365,0.9049208269932452,(103000000+9166323.61277178j)
4040.04004004004,0.9076942948316286,(103000000+9210143.383628363j)
4043.543543543544,0.9104653131856691,(103000000+9253932.09392615j)
4047.0470470470473,0.9132338698551681,(103000000+9297689.82433193j)
4050.5505505505507,0.9159999526913271,(103000000+9341416.655233419j)
4054.054054054054,0.9187635495960725,(103000000+9385112.66674044j)
4057.5575575575576,0.9215246485213942,(103000000+9428777.938686147j)
4061.061061061061,0.9242832374687031,(103000000+9472412.550628182j)
4064.5645645645645,0.9270393044881944,(103000000+9516016.581849894j)
4068.068068068068,0.9297928376782264,(103000000+9559590.11136151j)
4071.5715715715714,0.9325438251847147,(103000000+9603133.21790132j)
4075.0750750750753,0.9352922552005343,(103000000+9646645.97993682j)
4078.578578578579,0.9380381159649359,(103000000+9690128.475665899j)
4082.0820820820823,0.9407813957629716,(103000000+9733580.783017976j)
4085.5855855855857,0.9435220829249353,(103000000+9777002.979655191j)
4089.089089089089,0.9462601658258138,(103000000+9820395.142973492j)
4092.5925925925926,0.9489956328847424,(103000000+9863757.350103838j)
4096.0960960960965,0.9517284725644825,(103000000+9907089.67791327j)
4099.5995995996,0.9544586733708973,(103000000+9950392.203006076j)
4103.103103103103,0.9571862238524493,(103000000+9993665.001724903j)
4106.606606606607,0.959911112599699,(103000000+10036908.150151882j)
4110.11011011011,0.9626333282448167,(103000000+10080121.724109735j)
4113.613613613614,0.9653528594611034,(103000000+10123305.799162861j)
4117.117117117117,0.968069694962523,(103000000+10166460.450618451j)
4120.620620620621,0.9707838235032412,(103000000+10209585.753527597j)
4124.124124124124,0.9734952338771741,(103000000+10252681.782686338j)
4127.627627627628,0.9762039149175431,(103000000+10295748.612636799j)
4131.131131131131,0.9789098554964455,(103000000+10338786.317668203j)
4134.6346346346345,0.9816130445244259,(103000000+10381794.971818004j)
4138.138138138138,0.984313470950059,(103000000+10424774.6488729j)
4141.641641641641,0.9870111237595398,(103000000+10467725.422369936j)
4145.145145145145,0.9897059919762835,(103000000+10510647.365597531j)
4148.648648648648,0.9923980646605315,(103000000+10553540.551596545j)
4152.152152152152,0.9950873309089618,(103000000+10596405.053161308j)
4155.655655655655,0.9977737798543158,(103000000+10639240.942840675j)
4159.159159159159,1.0004574006650224,(103000000+10682048.292939052j)
4162.662662662662,1.0031381825448331,(103000000+10724827.175517417j)
4166.166166166166,1.005816114732468,(103000000+10767577.662394362j)
4169.66966966967,1.008491186501262,(103000000+10810299.825147105j)
4173.173173173173,1.0111633871588204,(103000000+10852993.73511247j)
4176.676676676677,1.013832706046684,(103000000+10895659.463387951j)
4180.18018018018,1.0164991325399955,(103000000+10938297.080832688j)
4183.683683683684,1.0191626560471734,(103000000+10980906.658068456j)
4187.187187187187,1.021823266009597,(103000000+11023488.265480671j)
4190.690690690691,1.02448095190129,(103000000+11066041.973219376j)
4194.194194194194,1.0271357032286166,(103000000+11108567.851200216j)
4197.697697697698,1.0297875095299756,(103000000+11151065.969105432j)
4201.201201201202,1.0324363603755107,(103000000+11193536.396384835j)
4204.704704704705,1.0350822453668138,(103000000+11235979.202256717j)
4208.208208208209,1.037725154136648,(103000000+11278394.455708906j)
4211.711711711712,1.0403650763486632,(103000000+11320782.225499675j)
4215.215215215216,1.0430020016971222,(103000000+11363142.580158696j)
4218.718718718719,1.0456359199066345,(103000000+11405475.58798799j)
4222.222222222223,1.048266820731889,(103000000+11447781.31706288j)
4225.725725725726,1.0508946939573978,(103000000+11490059.835232928j)
4229.2292292292295,1.053519529397241,(103000000+11532311.210122865j)
4232.732732732733,1.056141316894817,(103000000+11574535.509133533j)
4236.236236236236,1.0587600463225966,(103000000+11616732.799442794j)
4239.73973973974,1.0613757075818846,(103000000+11658903.148006469j)
4243.243243243243,1.063988290602584,(103000000+11701046.62155924j)
4246.746746746747,1.0665977853429627,(103000000+11743163.286615577j)
4250.25025025025,1.0692041817894273,(103000000+11785253.209470626j)
4253.753753753754,1.071807469956299,(103000000+11827316.456201129j)
4257.257257257257,1.0744076398855973,(103000000+11869353.092666315j)
4260.760760760761,1.0770046816468224,(103000000+11911363.184508802j)
4264.264264264264,1.079598585336746,(103000000+11953346.79715548j)
4267.7677677677675,1.082189341079202,(103000000+11995303.995818378j)
4271.271271271271,1.0847769390248865,(103000000+12037234.8454956j)
4274.774774774774,1.0873613693511555,(103000000+12079139.41097214j)
4278.278278278278,1.0899426222618311,(103000000+12121017.756820789j)
4281.781781781781,1.0925206879870066,(103000000+12162869.947402999j)
4285.285285285285,1.0950955567828606,(103000000+12204696.046869732j)
4288.788788788788,1.0976672189314716,(103000000+12246496.11916234j)
4292.292292292293,1.100235664740632,(103000000+12288270.228013422j)
4295.795795795796,1.102800884543675,(103000000+12330018.436947621j)
4299.2992992992995,1.1053628686992962,(103000000+12371740.809282571j)
4302.802802802803,1.107921607591383,(103000000+12413437.408129651j)
4306.306306306306,1.1104770916288431,(103000000+12455108.296394859j)
4309.80980980981,1.1130293112454424,(103000000+12496753.53677965j)
4313.313313313313,1.1155782568996386,(103000000+12538373.191781763j)
4316.816816816817,1.1181239190744259,(103000000+12579967.323696045j)
4320.32032032032,1.1206662882771707,(103000000+12621535.994615268j)
4323.823823823825,1.1232053550394665,(103000000+12663079.26643097j)
4327.327327327328,1.125741109916974,(103000000+12704597.200834218j)
4330.8308308308315,1.1282735434892803,(103000000+12746089.859316498j)
4334.334334334335,1.1308026463597476,(103000000+12787557.303170448j)
4337.837837837838,1.1333284091553735,(103000000+12828999.593490709j)
4341.341341341342,1.1358508225266484,(103000000+12870416.791174704j)
4344.844844844845,1.1383698771474173,(103000000+12911808.956923418j)
4348.348348348349,1.1408855637147461,(103000000+12953176.151242223j)
4351.851851851852,1.143397872948789,(103000000+12994518.434441656j)
4355.355355355356,1.145906795592656,(103000000+13035835.86663818j)
4358.858858858859,1.148412322412284,(103000000+13077128.507754978j)
4362.362362362363,1.1509144441963148,(103000000+13118396.41752274j)
4365.865865865866,1.1534131517559683,(103000000+13159639.655480433j)
4369.369369369369,1.1559084359249232,(103000000+13200858.280976042j)
4372.872872872873,1.158400287559196,(103000000+13242052.353167381j)
4376.376376376376,1.1608886975370256,(103000000+13283221.931022802j)
4379.87987987988,1.163373656758758,(103000000+13324367.073321998j)
4383.383383383383,1.1658551561467343,(103000000+13365487.838656738j)
4386.886886886887,1.1683331866451803,(103000000+13406584.285431612j)
4390.39039039039,1.1708077392200953,(103000000+13447656.47186479j)
4393.893893893894,1.1732788048591491,(103000000+13488704.455988748j)
4397.397397397397,1.175746374571576,(103000000+13529728.29565103j)
4400.9009009009005,1.1782104393880717,(103000000+13570728.048514977j)
4404.404404404404,1.1806709903606918,(103000000+13611703.772060437j)
4407.907907907907,1.1831280185627555,(103000000+13652655.523584526j)
4411.411411411411,1.185581515088746,(103000000+13693583.36020235j)
4414.914914914914,1.188031471054216,(103000000+13734487.338847699j)
4418.418418418419,1.190477877595696,(103000000+13775367.516273811j)
4421.921921921922,1.1929207258705956,(103000000+13816223.949054006j)
4425.425425425426,1.1953600070571238,(103000000+13857056.693582514j)
4428.928928928929,1.1977957123541911,(103000000+13897865.806075092j)
4432.4324324324325,1.2002278329813294,(103000000+13938651.342569767j)
4435.935935935936,1.2026563601786024,(103000000+13979413.358927524j)
4439.439439439439,1.2050812852065242,(103000000+14020151.91083303j)
4442.942942942943,1.207502599345975,(103000000+14060867.053795282j)
4446.446446446446,1.209920293898123,(103000000+14101558.843148345j)
4449.949949949951,1.2123343601843455,(103000000+14142227.334052037j)
4453.453453453454,1.2147447895461478,(103000000+14182872.581492556j)
4456.956956956958,1.2171515733450895,(103000000+14223494.640283253j)
4460.460460460461,1.2195547029627105,(103000000+14264093.565065242j)
4463.9639639639645,1.2219541698004572,(103000000+14304669.4103081j)
4467.467467467468,1.2243499652796095,(103000000+14345222.230310544j)
4470.970970970971,1.226742080841209,(103000000+14385752.07920109j)
4474.474474474475,1.229130507945994,(103000000+14426259.010938726j)
4477.977977977978,1.2315152380743284,(103000000+14466743.07931358j)
4481.481481481482,1.2338962627261347,(103000000+14507204.337947557j)
4484.984984984985,1.2362735734208294,(103000000+14547642.84029502j)
4488.488488488489,1.2386471616972603,(103000000+14588058.639643446j)
4491.991991991992,1.241017019113642,(103000000+14628451.789114052j)
4495.495495495496,1.2433831372474924,(103000000+14668822.341662467j)
4498.998998998999,1.2457455076955757,(103000000+14709170.350079361j)
4502.5025025025025,1.248104122073841,(103000000+14749495.866991103j)
4506.006006006006,1.250458972017364,(103000000+14789798.94486038j)
4509.509509509509,1.2528100491802916,(103000000+14830079.635986853j)
4513.013013013013,1.2551573452357816,(103000000+14870337.992507761j)
4516.516516516516,1.2575008518759527,(103000000+14910574.066398595j)
4520.02002002002,1.2598405608118288,(103000000+14950787.90947368j)
4523.523523523523,1.2621764637732844,(103000000+14990979.57338683j)
4527.027027027027,1.264508552508995,(103000000+15031149.109631948j)
4530.53053053053,1.266836818786385,(103000000+15071296.569543665j)
4534.0340340340335,1.269161254391579,(103000000+15111422.004297933j)
4537.537537537537,1.271481851129352,(103000000+15151525.46491266j)
4541.04104104104,1.2737986008230826,(103000000+15191607.002248304j)
4544.544544544545,1.2761114953147046,(103000000+15231666.667008484j)
4548.048048048048,1.2784205264646618,(103000000+15271704.50974058j)
4551.551551551552,1.2807256861518626,(103000000+15311720.58083634j)
4555.055055055055,1.2830269662736373,(103000000+15351714.930532489j)
4558.558558558559,1.2853243587456942,(103000000+15391687.6089113j)
4562.062062062062,1.2876178555020759,(103000000+15431638.665901212j)
4565.5655655655655,1.2899074484951176,(103000000+15471568.1512774j)
4569.069069069069,1.2921931296954088,(103000000+15511476.11466237j)
4572.572572572572,1.2944748910917525,(103000000+15551362.605526552j)
4576.076076076077,1.2967527246911246,(103000000+15591227.67318888j)
4579.57957957958,1.2990266225186369,(103000000+15631071.36681734j)
4583.083083083084,1.3012965766175009,(103000000+15670893.735429604j)
4586.586586586587,1.3035625790489878,(103000000+15710694.827893555j)
4590.090090090091,1.305824621892396,(103000000+15750474.692927884j)
4593.593593593594,1.308082697245015,(103000000+15790233.379102658j)
4597.0970970970975,1.3103367972220885,(103000000+15829970.934839873j)
4600.600600600601,1.3125869139567845,(103000000+15869687.408414029j)
4604.104104104104,1.314833039600161,(103000000+15909382.84795268j)
4607.607607607608,1.3170751663211329,(103000000+15949057.301437013j)
4611.111111111111,1.319313286306439,(103000000+15988710.816702377j)
4614.614614614615,1.321547391760616,(103000000+16028343.441438869j)
4618.118118118118,1.3237774749059639,(103000000+16067955.22319185j)
4621.621621621622,1.3260035279825177,(103000000+16107546.20936251j)
4625.125125125125,1.3282255432480194,(103000000+16147116.447208434j)
4628.628628628629,1.330443512977889,(103000000+16186665.983844109j)
4632.132132132132,1.332657429465197,(103000000+16226194.866241492j)
4635.6356356356355,1.3348672850206367,(103000000+16265703.14123052j)
4639.139139139139,1.337073071972499,(103000000+16305190.855499692j)
4642.642642642642,1.3392747826666465,(103000000+16344658.055596557j)
4646.146146146146,1.341472409466488,(103000000+16384104.787928278j)
4649.649649649649,1.343665944752952,(103000000+16423531.098762125j)
4653.153153153153,1.3458553809244662,(103000000+16462937.034226047j)
4656.656656656656,1.3480407103969323,(103000000+16502322.640309159j)
4660.16016016016,1.3502219256037022,(103000000+16541687.962862287j)
4663.663663663663,1.3523990189955573,(103000000+16581033.047598474j)
4667.1671671671675,1.3545719830406853,(103000000+16620357.940093504j)
4670.670670670671,1.3567408102246585,(103000000+16659662.685786398j)
4674.174174174174,1.3589054930504159,(103000000+16698947.329979956j)
4677.677677677678,1.3610660240382397,(103000000+16738211.917841265j)
4681.181181181181,1.363222395725737,(103000000+16777456.494402178j)
4684.684684684685,1.3653746006678196,(103000000+16816681.10455985j)
4688.188188188188,1.367522631436688,(103000000+16855885.793077204j)
4691.691691691692,1.369666480621808,(103000000+16895070.604583494j)
4695.195195195195,1.371806140829898,(103000000+16934235.58357474j)
4698.698698698699,1.3739416046849082,(103000000+16973380.774414264j)
4702.202202202203,1.3760728648280054,(103000000+17012506.221333154j)
4705.705705705706,1.3781999139175565,(103000000+17051611.968430795j)
4709.20920920921,1.3803227446291104,(103000000+17090698.05967533j)
4712.712712712713,1.3824413496553856,(103000000+17129764.53890414j)
4716.216216216217,1.3845557217062523,(103000000+17168811.449824374j)
4719.71971971972,1.3866658535087195,(103000000+17207838.836013388j)
4723.223223223224,1.3887717378069202,(103000000+17246846.740919247j)
4726.726726726727,1.3908733673620957,(103000000+17285835.207861185j)
4730.2302302302305,1.392970734952585,(103000000+17324804.28003011j)
4733.733733733734,1.395063833373809,(103000000+17363754.000489067j)
4737.237237237237,1.3971526554382614,(103000000+17402684.412173703j)
4740.740740740741,1.3992371939754906,(103000000+17441595.55789274j)
4744.244244244244,1.401317441832093,(103000000+17480487.48032846j)
4747.747747747748,1.4033933918717005,(103000000+17519360.22203714j)
4751.251251251251,1.4054650369749655,(103000000+17558213.825449556j)
4754.754754754755,1.4075323700395548,(103000000+17597048.332871415j)
4758.258258258258,1.4095953839801365,(103000000+17635863.786483824j)
4761.761761761762,1.4116540717283712,(103000000+17674660.228343748j)
4765.265265265265,1.4137084262328985,(103000000+17713437.700384475j)
4768.7687687687685,1.4157584404593335,(103000000+17752196.24441606j)
4772.272272272272,1.4178041073902539,(103000000+17790935.902125783j)
4775.775775775775,1.4198454200251895,(103000000+17829656.715078585j)
4779.279279279279,1.4218823713806181,(103000000+17868358.724717546j)
4782.782782782782,1.423914954489955,(103000000+17907041.972364314j)
4786.286286286286,1.425943162403544,(103000000+17945706.499219522j)
4789.789789789789,1.4279669881886519,(103000000+17984352.34636329j)
4793.293293293294,1.429986424929461,(103000000+18022979.554755628j)
4796.796796796797,1.432001465727059,(103000000+18061588.165236853j)
4800.3003003003005,1.4340121036994373,(103000000+18100178.218528077j)
4803.803803803804,1.4360183319814819,(103000000+18138749.75523161j)
4807.307307307307,1.4380201437249662,(103000000+18177302.815831415j)
4810.810810810811,1.4400175320985469,(103000000+18215837.440693498j)
4814.314314314314,1.4420104902877577,(103000000+18254353.670066383j)
4817.817817817818,1.443999011495006,(103000000+18292851.544081513j)
4821.321321321321,1.4459830889395637,(103000000+18331331.102753684j)
4824.824824824826,1.4479627158575665,(103000000+18369792.385981463j)
4828.328328328329,1.4499378855020069,(103000000+18408235.433547612j)
4831.8318318318325,1.4519085911427303,(103000000+18446660.285119507j)
4835.335335335336,1.4538748260664331,(103000000+18485066.980249576j)
4838.838838838839,1.4558365835766567,(103000000+18523455.55837567j)
4842.342342342343,1.457793856993784,(103000000+18561826.058821533j)
4845.845845845846,1.4597466396550365,(103000000+18600178.520797163j)
4849.34934934935,1.4616949249144722,(103000000+18638512.98339925j)
4852.852852852853,1.4636387061429823,(103000000+18676829.4856116j)
4856.356356356357,1.465577976728287,(103000000+18715128.066305496j)
4859.85985985986,1.4675127300749364,(103000000+18753408.76424015j)
4863.3633633633635,1.4694429596043033,(103000000+18791671.618063077j)
4866.866866866867,1.4713686587545873,(103000000+18829916.66631052j)
4870.37037037037,1.473289820980809,(103000000+18868143.94740782j)
4873.873873873874,1.4752064397548095,(103000000+18906353.49966985j)
4877.377377377377,1.4771185085652487,(103000000+18944545.361301374j)
4880.880880880881,1.4790260209176045,(103000000+18982719.570397485j)
4884.384384384384,1.480928970334174,(103000000+19020876.164943963j)
4887.887887887888,1.4828273503540685,(103000000+19059015.182817683j)
4891.391391391391,1.4847211545332157,(103000000+19097136.661786992j)
4894.894894894895,1.4866103764443597,(103000000+19135240.639512118j)
4898.398398398398,1.4884950096770593,(103000000+19173327.15354554j)
4901.9019019019015,1.49037504783769,(103000000+19211396.241332382j)
4905.405405405405,1.4922504845494398,(103000000+19249447.940210797j)
4908.908908908908,1.4941213134523164,(103000000+19287482.287412327j)
4912.412412412412,1.495987528203142,(103000000+19325499.320062317j)
4915.915915915915,1.4978491224755566,(103000000+19363499.075180274j)
4919.41941941942,1.4997060899600183,(103000000+19401481.589680254j)
4922.922922922923,1.5015584243638045,(103000000+19439446.9003712j)
4926.426426426427,1.5034061194110124,(103000000+19477395.043957382j)
4929.92992992993,1.5052491688425627,(103000000+19515326.057038717j)
4933.4334334334335,1.507087566416197,(103000000+19553239.97611116j)
4936.936936936937,1.5089213059064839,(103000000+19591136.837567054j)
4940.44044044044,1.510750381104818,(103000000+19629016.67769554j)
4943.943943943944,1.5125747858194232,(103000000+19666879.53268287j)
4947.447447447448,1.5143945138753534,(103000000+19704725.438612808j)
4950.950950950952,1.5162095591144975,(103000000+19742554.43146697j)
4954.454454454455,1.5180199153955771,(103000000+19780366.547125198j)
4957.957957957959,1.519825576594155,(103000000+19818161.821365926j)
4961.461461461462,1.5216265366026336,(103000000+19855940.289866526j)
4964.9649649649655,1.5234227893302594,(103000000+19893701.988203667j)
4968.468468468469,1.5252143287031243,(103000000+19931446.95185366j)
4971.971971971972,1.5270011486641717,(103000000+19969175.21619284j)
4975.475475475476,1.5287832431731976,(103000000+20006886.816497892j)
4978.978978978979,1.5305606062068529,(103000000+20044581.7879462j)
4982.482482482483,1.5323332317586507,(103000000+20082260.165616237j)
4985.985985985986,1.5341011138389644,(103000000+20119921.98448784j)
4989.48948948949,1.535864246475037,(103000000+20157567.279442627j)
4992.992992992993,1.5376226237109811,(103000000+20195196.085264303j)
4996.496496496497,1.5393762396077848,(103000000+20232808.43663902j)
5000.0,1.5411250882433145,(103000000+20270404.36815569j)
